{"cameraMode":{"drawMode":0,"name":"Shaded","section":"Shading Mode"},"sceneLighting":false,"audioPlay":false,"sceneViewState":{"m_AlwaysRefresh":false,"showFog":true,"showSkybox":false,"showFlares":true,"showImageEffects":true,"showParticleSystems":true,"showVisualEffectGraphs":true,"m_FxEnabled":true},"in2DMode":false,"pivot":{"x":0.0005830526351928711,"y":0.517731249332428,"z":0.016087159514427186},"rotation":{"x":0.18860238790512086,"y":-0.0047321924939751629,"z":0.0009167639072984457,"w":0.9820523262023926},"size":0.8624367117881775,"orthographic":false}