{"cameraMode":{"drawMode":0,"name":"Shaded","section":"Shading Mode"},"sceneLighting":true,"audioPlay":false,"sceneViewState":{"m_AlwaysRefresh":false,"showFog":true,"showSkybox":true,"showFlares":true,"showImageEffects":true,"showParticleSystems":true,"showVisualEffectGraphs":true,"m_FxEnabled":true},"in2DMode":false,"pivot":{"x":11.846035957336426,"y":11.641216278076172,"z":-104.66802215576172},"rotation":{"x":0.002471608342602849,"y":0.030161606147885324,"z":0.00017901408136822283,"w":-0.9996227025985718},"size":3.3064932823181154,"orthographic":false}