{"cameraMode":{"drawMode":0,"name":"Shaded","section":"Shading Mode"},"sceneLighting":false,"audioPlay":false,"sceneViewState":{"m_AlwaysRefresh":false,"showFog":true,"showSkybox":false,"showFlares":true,"showImageEffects":true,"showParticleSystems":true,"showVisualEffectGraphs":true,"m_FxEnabled":true},"in2DMode":false,"pivot":{"x":0.32583773136138918,"y":0.6836857795715332,"z":0.3074406683444977},"rotation":{"x":-0.15841813385486604,"y":-0.01464550569653511,"z":0.0024158854503184559,"w":-0.9873235821723938},"size":0.8624367117881775,"orthographic":false}